Designator,Mid X,Mid Y,Rotation,Layer
C1,64.3,-41.2,0.0,top
C2,61.993684,-41.949456,90.0,top
C3,60.9,-44.2,0.0,top
C4,57.0,-41.98,270.0,top
D1,71.25,-35.695,90.0,top
IC1,59.5,-42.125,270.0,top
IC2,64.99149,-43.292413,0.0,top
J1,64.12,-36.2975,180.0,top
R1,67.45,-41.2,0.0,top
R2,71.25,-38.695,270.0,top
R3,57.0,-35.695,270.0,top
R4,57.0,-38.695,90.0,top
R5,70.5,-41.23,0.0,top
R6,57.9,-44.2,0.0,top
R7,70.5,-42.75,0.0,top
R8,70.5,-44.25,0.0,top
